{
    "name": "root",
    "gauges": {
        "bolaml.Policy.Entropy.mean": {
            "value": 1.4366480112075806,
            "min": 1.4174193143844604,
            "max": 1.439642071723938,
            "count": 42
        },
        "bolaml.Policy.Entropy.sum": {
            "value": 13791.8212890625,
            "min": 13613.5625,
            "max": 20691.39453125,
            "count": 42
        },
        "bolaml.Environment.EpisodeLength.mean": {
            "value": 799.0,
            "min": 799.0,
            "max": 799.0,
            "count": 42
        },
        "bolaml.Environment.EpisodeLength.sum": {
            "value": 9588.0,
            "min": 9588.0,
            "max": 14382.0,
            "count": 42
        },
        "bolaml.Step.mean": {
            "value": 503200.0,
            "min": 11200.0,
            "max": 503200.0,
            "count": 42
        },
        "bolaml.Step.sum": {
            "value": 503200.0,
            "min": 11200.0,
            "max": 503200.0,
            "count": 42
        },
        "bolaml.Policy.ExtrinsicValueEstimate.mean": {
            "value": -6.138123512268066,
            "min": -10.18858528137207,
            "max": 0.0,
            "count": 42
        },
        "bolaml.Policy.ExtrinsicValueEstimate.sum": {
            "value": -92.07185363769531,
            "min": -152.8287811279297,
            "max": 0.0,
            "count": 42
        },
        "bolaml.Environment.CumulativeReward.mean": {
            "value": -46.44000040690104,
            "min": -95.26000111897787,
            "max": -36.49666608174642,
            "count": 42
        },
        "bolaml.Environment.CumulativeReward.sum": {
            "value": -696.6000061035156,
            "min": -1428.900016784668,
            "max": -547.4499912261963,
            "count": 42
        },
        "bolaml.Policy.ExtrinsicReward.mean": {
            "value": -46.44000040690104,
            "min": -95.26000111897787,
            "max": -36.49666608174642,
            "count": 42
        },
        "bolaml.Policy.ExtrinsicReward.sum": {
            "value": -696.6000061035156,
            "min": -1428.900016784668,
            "max": -547.4499912261963,
            "count": 42
        },
        "bolaml.IsTraining.mean": {
            "value": 0.0,
            "min": 0.0,
            "max": 1.0,
            "count": 42
        },
        "bolaml.IsTraining.sum": {
            "value": 0.0,
            "min": 0.0,
            "max": 1.0,
            "count": 42
        },
        "bolaml.Losses.PolicyLoss.mean": {
            "value": 0.10368400719169855,
            "min": 0.09443742220358184,
            "max": 0.10799038924865373,
            "count": 34
        },
        "bolaml.Losses.PolicyLoss.sum": {
            "value": 0.10368400719169855,
            "min": 0.09443742220358184,
            "max": 0.10799038924865373,
            "count": 34
        },
        "bolaml.Losses.ValueLoss.mean": {
            "value": 5.4148362244500055,
            "min": 4.312565152380202,
            "max": 116.14059575681333,
            "count": 34
        },
        "bolaml.Losses.ValueLoss.sum": {
            "value": 5.4148362244500055,
            "min": 4.312565152380202,
            "max": 116.14059575681333,
            "count": 34
        },
        "bolaml.Policy.LearningRate.mean": {
            "value": 6.2400979200000126e-06,
            "min": 6.2400979200000126e-06,
            "max": 0.00029136000288,
            "count": 34
        },
        "bolaml.Policy.LearningRate.sum": {
            "value": 6.2400979200000126e-06,
            "min": 6.2400979200000126e-06,
            "max": 0.00029136000288,
            "count": 34
        },
        "bolaml.Policy.Epsilon.mean": {
            "value": 0.10207999999999998,
            "min": 0.10207999999999998,
            "max": 0.19711999999999996,
            "count": 34
        },
        "bolaml.Policy.Epsilon.sum": {
            "value": 0.10207999999999998,
            "min": 0.10207999999999998,
            "max": 0.19711999999999996,
            "count": 34
        },
        "bolaml.Policy.Beta.mean": {
            "value": 3.0592000000000035e-05,
            "min": 3.0592000000000035e-05,
            "max": 0.0009714879999999996,
            "count": 34
        },
        "bolaml.Policy.Beta.sum": {
            "value": 3.0592000000000035e-05,
            "min": 3.0592000000000035e-05,
            "max": 0.0009714879999999996,
            "count": 34
        }
    },
    "metadata": {
        "timer_format_version": "0.1.0",
        "start_time_seconds": "1698438490",
        "python_version": "3.9.18 (main, Sep 11 2023, 14:09:26) [MSC v.1916 64 bit (AMD64)]",
        "command_line_arguments": "C:\\Users\\Alumno\\anaconda3\\envs\\cursoml02\\Scripts\\mlagents-learn trainer_config.yaml --run-id prueba02 --force",
        "mlagents_version": "0.30.0",
        "mlagents_envs_version": "0.30.0",
        "communication_protocol_version": "1.5.0",
        "pytorch_version": "1.13.1+cu117",
        "numpy_version": "1.21.2",
        "end_time_seconds": "1698439222"
    },
    "total": 732.209238,
    "count": 1,
    "self": 0.004489599999942584,
    "children": {
        "run_training.setup": {
            "total": 0.08135630000000016,
            "count": 1,
            "self": 0.08135630000000016
        },
        "TrainerController.start_learning": {
            "total": 732.1233921,
            "count": 1,
            "self": 1.4448930000100972,
            "children": {
                "TrainerController._reset_env": {
                    "total": 8.226279,
                    "count": 1,
                    "self": 8.226279
                },
                "TrainerController.advance": {
                    "total": 722.41361429999,
                    "count": 84000,
                    "self": 1.4509265000132245,
                    "children": {
                        "env_step": {
                            "total": 474.77118199999745,
                            "count": 84000,
                            "self": 351.13938779999336,
                            "children": {
                                "SubprocessEnvManager._take_step": {
                                    "total": 122.6987097000105,
                                    "count": 84000,
                                    "self": 4.454991500019531,
                                    "children": {
                                        "TorchPolicy.evaluate": {
                                            "total": 118.24371819999097,
                                            "count": 84000,
                                            "self": 118.24371819999097
                                        }
                                    }
                                },
                                "workers": {
                                    "total": 0.9330844999935817,
                                    "count": 84000,
                                    "self": 0.0,
                                    "children": {
                                        "worker_root": {
                                            "total": 721.3656960999999,
                                            "count": 84000,
                                            "is_parallel": true,
                                            "self": 452.45113240000035,
                                            "children": {
                                                "steps_from_proto": {
                                                    "total": 0.00024009999999918819,
                                                    "count": 1,
                                                    "is_parallel": true,
                                                    "self": 0.00011669999999952552,